<?xml version="1.0"?>
<!DOCTYPE hibernate-mapping PUBLIC "-//Hibernate/Hibernate Mapping DTD 3.0//EN"
"http://hibernate.sourceforge.net/hibernate-mapping-3.0.dtd">
<!-- Generated 2016-5-25 14:51:14 by Hibernate Tools 3.5.0.Final -->
<hibernate-mapping>
    <class name="com.leyufore.domain.SpenderCoin" table="spendcoin">
        <id name="id" type="int">
            <column name="ID" />
            <generator class="native" />
        </id>
        <property name="coidId" type="java.lang.String">
            <column name="coin_id" />
        </property>
        <property name="signId" type="java.lang.String">
            <column name="sign_id" />
        </property>
    </class>
</hibernate-mapping>
