<?xml version="1.0"?>
<!DOCTYPE hibernate-mapping PUBLIC "-//Hibernate/Hibernate Mapping DTD 3.0//EN"
"http://hibernate.sourceforge.net/hibernate-mapping-3.0.dtd">
<!-- Generated 2016-5-22 21:55:20 by Hibernate Tools 3.5.0.Final -->
<hibernate-mapping>
    <class name="com.leyufore.domain.User" table="user">
        <id name="id" type="int">
            <column name="ID" />
            <generator class="native" />
        </id>
        <property name="identificationId" type="long">
            <column name="identification_id" />
        </property>
        <property name="bankAccount" type="long">
            <column name="bank_account" />
        </property>
        <property name="cashBalance" type="int">
            <column name="balance" />
        </property>
    </class>
</hibernate-mapping>
