<?xml version="1.0" encoding="UTF-8"?>
<!DOCTYPE hibernate-configuration PUBLIC
		"-//Hibernate/Hibernate Configuration DTD 3.0//EN"
		"http://www.hibernate.org/dtd/hibernate-configuration-3.0.dtd">
<hibernate-configuration>
	<session-factory>
		<property name="hibernate.connection.driver_class">org.gjt.mm.mysql.Driver</property>
		<property name="hibernate.connection.password">root</property>
		<property name="hibernate.connection.url">jdbc:mysql://localhost:3306/ecash</property>
		<property name="hibernate.connection.username">root</property>
		<property name="hibernate.dialect">org.hibernate.dialect.MySQLDialect</property>


		<property name="hibernate.c3p0.max_size">20</property>
		<property name="hibernate.c3p0.min_size">1</property>
		<property name="hibernate.c3p0.timeout">5000</property>

	<!-- <property name="hibernate.hbm2ddl.auto">create</property> -->
		<property name="hibernate.hbm2ddl.auto">update</property> 
		<mapping resource="com/leyufore/domain/User.hbm.xml" />
		<mapping resource="com/leyufore/domain/Coin.hbm.xml" />
		<mapping resource="com/leyufore/domain/SpenderCoin.hbm.xml" />

	</session-factory>
</hibernate-configuration>
