<?xml version="1.0" encoding="UTF-8" ?>
<!DOCTYPE struts PUBLIC
    "-//Apache Software Foundation//DTD Struts Configuration 2.1.7//EN"
    "http://struts.apache.org/dtds/struts-2.5.dtd">

<struts>
	<package name="leyufore-json" extends="struts-default">
		<action name="userAction_accountOpen" class="com.leyufore.action.UserAction"
			method="accountOpen">
		</action>
		<action name="userAction_test" class="com.leyufore.action.UserAction"
			method="jsonTest">
		</action>
		<action name="coinAction_coinDraw" class="com.leyufore.action.CoinAction"
			method="coinDraw">
		</action>
		<action name="coinAction_coinDeposit" class="com.leyufore.action.CoinAction"
		    method="coinDeposit"></action>
	</package>
</struts>